{
  "emd": 5.303289413452148,
  "mse": 3.733241597635416e-05,
  "mae": 0.0020069910842570367,
  "peak_pos_error": 8.0
}
