{
  "emd": 21.82538604736328,
  "mse": 0.00016695591996533204,
  "mae": 0.004538572053628589,
  "peak_pos_error": 24.0
}